SL,STATE/UT,C1,C2,C3,C4,C5,C6,C7,C8,C9,C10,C11,C12,C13,C14,C15,C16,C17,C18,C19,C20,C21,C22,C23,C24,C25,C26,C27,C28,C29,C30
1,A&N ISLANDS,7,39,5,39,0,39,18,11,7,0,0,9,66,89,15,74,51,8,29,0,10,105,0,40,14,12,0,9,478,1028
2,ANDHRA PRADESH,4239,3173,266,1761,0,1761,2543,1722,821,490,18,1048,6543,20808,4600,16208,9455,1025,8823,237,972,68228,1322,4622,3820,21572,0,11851,55789,228605
3,ARUNACHAL PRADESH,103,58,3,49,0,49,81,48,33,33,0,116,176,376,109,267,100,42,92,0,30,595,0,88,1,11,0,83,788,2825
4,ASSAM,1537,471,43,1629,5,1624,3190,2687,503,816,69,1094,3970,9079,1357,7722,10112,1000,1271,88,826,8132,263,2020,35,6208,0,2471,15566,69890
5,BIHAR,5207,5418,547,892,0,892,4518,2503,2015,1477,187,1926,2144,9740,3084,6656,36028,1314,3063,84,940,23058,2508,808,22,3850,26,3459,89073,196289
6,CHANDIGARH,45,76,18,44,0,44,51,23,28,24,36,105,153,492,168,324,257,7,140,4,7,75,10,28,2,18,0,6,985,2583
7,CHHATTISGARH,1727,1449,40,1198,0,1198,439,352,87,461,74,810,2291,3265,824,2441,6867,153,814,51,295,17272,277,1969,261,2450,5,2020,28562,72750
8,D&N HAVELI,7,0,1,3,0,3,20,7,13,11,0,0,38,62,25,37,199,16,21,0,0,24,0,12,2,14,0,26,129,585
9,DAMAN & DIU,19,8,1,1,0,1,0,0,0,27,0,0,20,32,16,16,41,6,7,0,0,16,0,2,0,6,0,26,54,266
10,DELHI,953,621,80,602,0,602,512,366,146,164,153,1263,1002,7401,3311,4090,427,180,1036,42,29,3125,209,794,89,878,0,566,13372,33498
11,GOA,44,58,6,50,0,50,43,15,28,18,0,75,316,621,205,416,319,44,105,3,29,290,5,37,22,41,0,222,984,3332
12,GUJARAT,2116,1982,89,617,0,617,2015,1651,364,938,98,1980,3081,9697,3988,5709,11506,1844,2044,51,459,22554,28,986,131,16877,0,4455,78495,162043
13,HARYANA,1961,1792,106,866,0,866,903,543,360,457,898,1210,2588,6754,3436,3318,5169,698,1619,56,300,9002,589,605,635,4057,0,1247,22725,64237
14,HIMACHAL PRADESH,193,198,17,197,0,197,161,101,60,1,0,18,450,680,133,547,3359,96,262,5,99,2046,4,418,73,677,0,362,9452,18768
15,JAMMU & KASHMIR,318,930,31,266,0,266,570,509,61,4,0,82,658,2489,264,2225,5970,280,621,33,165,654,26,2053,295,418,0,470,15308,31641
16,JHARKHAND,2095,1692,103,836,0,836,1040,710,330,604,98,707,741,3056,1013,2043,9103,441,896,31,241,7272,567,273,20,1600,15,1189,19063,51683
17,KARNATAKA,3631,4660,90,771,0,771,1389,751,638,1089,1323,1851,3159,7456,2720,4736,28105,514,3846,121,228,32213,621,3411,22,6515,0,525,60078,161618
18,KERALA,680,941,123,659,0,659,340,221,119,376,658,935,1986,3509,941,2568,39040,319,2736,55,301,29045,34,3585,604,7522,0,76,103988,197512
19,LAKSHADWEEP,0,0,0,0,0,0,0,0,0,0,0,0,5,0,0,0,0,0,0,0,0,0,0,0,0,0,0,0,10,15
20,MADHYA PRADESH,5521,7144,239,4387,0,4387,1684,1303,381,593,559,2890,6233,10946,3356,7590,18028,663,2412,55,1223,81474,2564,7863,1182,10253,19,6139,171121,343192
21,MAHARASHTRA,5725,6838,260,2180,0,2180,2325,1470,855,3942,1348,5696,13564,31545,7492,24053,53016,2505,9508,203,1534,59092,1438,4386,1515,28261,0,10415,60333,305629
22,MANIPUR,57,95,0,22,0,22,120,83,37,0,223,0,27,105,32,73,52,8,50,8,2,130,0,23,0,13,0,1,370,1306
23,MEGHALAYA,133,48,6,135,0,135,104,41,63,72,1,69,105,343,73,270,25,26,68,10,28,84,0,29,0,11,0,34,412,1743
24,MIZORAM,57,33,20,112,0,112,11,0,11,1,0,18,347,721,74,647,0,29,77,19,26,154,0,79,0,3,0,34,487,2228
25,NAGALAND,37,47,10,17,0,17,90,13,77,23,0,72,49,267,42,225,7,19,35,9,0,40,0,15,3,3,0,14,309,1066
26,ODISHA,2051,2824,105,1363,0,1363,1297,1070,227,2008,555,2571,3620,7098,1968,5130,9961,559,1532,55,642,11357,988,4116,354,4840,5,4084,27790,89775
27,PUDUCHERRY,163,57,24,5,0,5,31,22,9,14,53,11,61,141,54,87,967,5,91,0,5,1610,4,71,28,9,0,245,1984,5579
28,PUNJAB,1547,2613,181,766,0,766,1007,646,361,163,704,468,2350,4749,1652,3097,0,354,4733,127,157,9382,288,454,42,2159,0,2623,14183,49050
29,RAJASTHAN,2061,3780,131,1343,0,1343,1953,1281,672,172,440,1387,3135,7749,3479,4270,4746,317,5102,60,584,34767,616,2598,22,9113,0,6649,90812,177537
30,SIKKIM,17,8,1,21,0,21,13,13,0,5,0,12,146,128,17,111,16,18,125,6,9,80,2,23,0,4,0,98,214,946
31,TAMIL NADU,4185,6108,39,777,0,777,2126,1532,594,364,39,2174,4123,12536,3217,9319,15593,128,2924,173,732,35809,313,1946,739,2981,0,11982,105840,211631
32,TRIPURA,176,77,9,320,0,320,133,106,27,35,6,115,223,435,27,408,352,53,127,9,52,1479,62,456,9,1172,0,235,1300,6835
33,UTTAR PRADESH,11784,10207,3592,2580,5,2575,13727,11903,1824,1963,290,5147,4271,15194,4289,10905,29922,6572,20166,280,360,23829,9250,4189,15,29853,0,13053,85806,292050
34,UTTARAKHAND,324,395,184,171,0,171,346,293,53,54,7,235,291,1452,451,1001,2104,109,505,33,4,1492,168,184,282,625,0,702,3125,12792
35,WEST BENGAL,3746,1869,809,2395,0,2395,2698,2254,444,922,2574,1034,360,15051,2156,12895,18018,1086,2882,324,378,15293,1124,1841,165,18387,11,2699,52929,146595

,TOTAL (STATES),61272,64908,7050,26380,10,26370,44866,33821,11045,17081,10169,33740,66947,185849,50999,134850,316973,20216,76438,2186,10616,494823,23057,49077,10269,179476,81,87192,1114902,2903568
,TOTAL (UTS),1194,801,129,694,0,694,632,429,203,240,242,1388,1345,8217,3589,4628,1942,222,1324,46,51,4955,223,947,135,937,0,878,17012,43554
,TOTAL (ALL-INDIA),62466,65709,7179,27074,10,27064,45498,34250,11248,17321,10411,35128,68292,194066,54588,139478,318915,20438,77762,2232,10667,499778,23280,50024,10404,180413,81,88070,1131914,2947122

C1  -  STATEMENT OF PERSONS ARRESTED BY SEX AND AGE-GROUP UNDER MURDER (SECTION 302 IPC) DURING 2010,,,,,,,,,,,,,,,,,,,,,,,,,,,,,,,
C2  -  STATEMENT OF PERSONS ARRESTED BY SEX AND AGE-GROUP UNDER ATTEMPT TO COMMIT MURDER (SECTION 307 IPC) DURING 2009,,,,,,,,,,,,,,,,,,,,,,,,,,,,,,,
"C3  -  STATEMENT OF PERSONS ARRESTED BY SEX AND AGE-GROUP UNDER CULPABLE HOMICIDE NOT AMOUNTING MURDER (SECTION 304, 308 IPC) DURING 2009",,,,,,,,,,,,,,,,,,,,,,,,,,,,,,,
C4  -  STATEMENT OF PERSONS ARRESTED BY SEX AND AGE-GROUP UNDER RAPE (SECTION 376 IPC) DURING 2009,,,,,,,,,,,,,,,,,,,,,,,,,,,,,,,
C5  -  STATEMENT OF PERSONS ARRESTED BY SEX AND AGE-GROUP UNDER CUSTODIAL RAPE DURING 2009,,,,,,,,,,,,,,,,,,,,,,,,,,,,,,,
C6  -  STATEMENT OF PERSONS ARRESTED BY SEX AND AGE-GROUP UNDER OTHER RAPE DURING 2009,,,,,,,,,,,,,,,,,,,,,,,,,,,,,,,
"C7  -  STATEMENT OF PERSONS ARRESTED BY SEX AND AGE-GROUP UNDER KIDNAPPING AND ABDUCTION (SECTION 363 TO 369, 371 TO 373 IPC) DURING 2009",,,,,,,,,,,,,,,,,,,,,,,,,,,,,,,
C8  -  STATEMENT OF PERSONS ARRESTED BY SEX AND AGE-GROUP UNDER KIDNAPPING AND ABDUCTION OF WOMEN AND GIRLS DURING 2009,,,,,,,,,,,,,,,,,,,,,,,,,,,,,,,
C9  -  STATEMENT OF PERSONS ARRESTED BY SEX AND AGE-GROUP UNDER KIDNAPPING AND ABDUCTION OF OTHERS DURING 2009,,,,,,,,,,,,,,,,,,,,,,,,,,,,,,,
C10 - STATEMENT OF PERSONS ARRESTED BY SEX AND AGE-GROUP UNDER DACOITY (SECTION  395 TO 398 IPC) DURING 2009,,,,,,,,,,,,,,,,,,,,,,,,,,,,,,,
C11 - STATEMENT OF PERSONS ARRESTED BY SEX AND AGE-GROUP UNDER PREPARATION AND ASSEMBLY FOR DACOITY (SECTION 399 TO 402 IPC) DURING 2009,,,,,,,,,,,,,,,,,,,,,,,,,,,,,,,
"C12 - STATEMENT OF PERSONS ARRESTED BY SEX AND AGE-GROUP UNDER ROBBERY (SECTION 392 TO 394, 397, 398 IPC) DURING 2009",,,,,,,,,,,,,,,,,,,,,,,,,,,,,,,
"C13 - STATEMENT OF PERSONS ARRESTED BY SEX AND AGE-GROUP UNDER BURGLARY (SECTION 449 TO 452, 454, 455, 457 TO 460 IPC) DURING 2009",,,,,,,,,,,,,,,,,,,,,,,,,,,,,,,
C14 - STATEMENT OF PERSONS ARRESTED BY SEX AND AGE-GROUP UNDER THEFT (SECTION 379 TO 382 IPC) DURING 2009,,,,,,,,,,,,,,,,,,,,,,,,,,,,,,,
C15 - STATEMENT OF PERSONS ARRESTED BY SEX AND AGE-GROUP UNDER AUTO THEFT DURING 2009,,,,,,,,,,,,,,,,,,,,,,,,,,,,,,,
C16 - STATEMENT OF PERSONS ARRESTED BY SEX AND AGE-GROUP UNDER OTHER THEFT DURING 2009,,,,,,,,,,,,,,,,,,,,,,,,,,,,,,,
"C17 - STATEMENT OF PERSONS ARRESTED BY SEX AND AGE-GROUP UNDER RIOTS (SECTION 143, 144, 145, 147, 148, 149, 150, 151, 153, 153A, 153B, 157, 158, 160 IPC) DURING 2009",,,,,,,,,,,,,,,,,,,,,,,,,,,,,,,
C18 - STATEMENT OF PERSONS ARRESTED BY SEX AND AGE-GROUP UNDER CRIMINAL BREACH OF TRUST (SECTION 406 TO 409) DURING 2009,,,,,,,,,,,,,,,,,,,,,,,,,,,,,,,
C19 - STATEMENT OF PERSONS ARRESTED BY SEX AND AGE-GROUP UNDER CHEATING (SECTION 419 TO 420 IPC) DURING 2009,,,,,,,,,,,,,,,,,,,,,,,,,,,,,,,
C20 - STATEMENT OF PERSONS ARRESTED BY SEX AND AGE-GROUP UNDER COUNTERFEITING (SECTION 231-254 AND 489A TO 489D IPC) DURING 2009,,,,,,,,,,,,,,,,,,,,,,,,,,,,,,,
"C21 - STATEMENT OF PERSONS ARRESTED BY SEX AND AGE-GROUP UNDER ARSON (SECTION 435, 436, 438 IPC) DURING 2009",,,,,,,,,,,,,,,,,,,,,,,,,,,,,,,
"C22 - STATEMENT OF PERSONS ARRESTED BY SEX AND AGE-GROUP UNDER HURT (SECTION 323, 324 TO 333, 335 TO 338 IPC) DURING 2009",,,,,,,,,,,,,,,,,,,,,,,,,,,,,,,
C23 - STATEMENT OF PERSONS ARRESTED BY SEX AND AGE-GROUP UNDER DOWRY DEATHS (SECTION 304B IPC) DURING 2009,,,,,,,,,,,,,,,,,,,,,,,,,,,,,,,
C24 - STATEMENT OF PERSONS ARRESTED BY SEX AND AGE-GROUP UNDER MOLESTATION (SECTION 354 IPC) DURING 2009,,,,,,,,,,,,,,,,,,,,,,,,,,,,,,,
C25 - STATEMENT OF PERSONS ARRESTED BY SEX AND AGE-GROUP UNDER SEXUAL HARASSMENT (EVE-TEASING) (SECTION 509 IPC) DURING 2009,,,,,,,,,,,,,,,,,,,,,,,,,,,,,,,
C26 - STATEMENT OF PERSONS ARRESTED BY SEX AND AGE-GROUP UNDER CRUELTY BY HUSBAND AND RELATIVES (SECTION 498A IPC) DURING 2009,,,,,,,,,,,,,,,,,,,,,,,,,,,,,,,
C27 - STATEMENT OF PERSONS ARRESTED BY SEX AND AGE-GROUP UNDER IMPORTATION OF GIRLS (SECTION 366B IPC) DURING 2009,,,,,,,,,,,,,,,,,,,,,,,,,,,,,,,
C28 - STATEMENT OF PERSONS ARRESTED BY SEX AND AGE-GROUP UNDER CAUSING DEATH BY NEGLIGENCE (SECTION 304-A IPC) DURING 2009,,,,,,,,,,,,,,,,,,,,,,,,,,,,,,,
C29 - STATEMENT OF PERSONS ARRESTED BY SEX AND AGE-GROUP UNDER OTHER IPC CRIMES DURING 2009,,,,,,,,,,,,,,,,,,,,,,,,,,,,,,,
C30 - STATEMENT OF PERSONS ARRESTED BY SEX AND AGE-GROUP UNDER TOTAL COGNIZABLE IPC CRIMES DURING 2009,,,,,,,,,,,,,,,,,,,,,,,,,,,,,,,
